{"stats":{"minecraft:used":{"minecraft:oak_log":1,"minecraft:egg":3},"minecraft:custom":{"minecraft:time_since_rest":11166,"minecraft:damage_taken":1030,"minecraft:play_time":15968,"minecraft:crouch_one_cm":3899,"minecraft:walk_one_cm":53468,"minecraft:sprint_one_cm":11301,"minecraft:deaths":3,"minecraft:sneak_time":2852,"minecraft:walk_under_water_one_cm":1111,"minecraft:mob_kills":1,"minecraft:jump":162,"minecraft:damage_dealt":323,"minecraft:leave_game":4,"minecraft:time_since_death":11133,"minecraft:walk_on_water_one_cm":3685,"minecraft:total_world_time":15968,"minecraft:interact_with_crafting_table":1,"minecraft:fly_one_cm":2983,"minecraft:fall_one_cm":3558},"minecraft:picked_up":{"minecraft:rotten_flesh":1,"minecraft:sweet_berries":4,"minecraft:dandelion":1,"minecraft:oak_log":5,"minecraft:poppy":2,"minecraft:egg":3},"minecraft:mined":{"minecraft:large_fern":2,"minecraft:grass":1,"minecraft:oak_log":6,"minecraft:poppy":1,"minecraft:sweet_berry_bush":1,"minecraft:dandelion":1,"minecraft:fern":2},"minecraft:crafted":{"minecraft:wooden_sword":1,"minecraft:oak_planks":16,"minecraft:stick":8,"minecraft:wooden_axe":1},"minecraft:killed_by":{"undead_revamp2:sucker":2,"undead_revamp2:the_moonflower":1}},"DataVersion":3465}