{"stats":{"minecraft:used":{"minecraft:wooden_axe":18,"minecraft:wooden_pickaxe":8,"minecraft:spruce_sapling":1,"minecraft:crafting_table":2,"alexsmobs:animal_dictionary":2,"minecraft:spruce_log":1},"minecraft:killed":{"minecraft:skeleton":1,"minecraft:wolf":1,"undead_revamp2:sucker":3,"minecraft:cow":1},"minecraft:custom":{"minecraft:time_since_rest":9757,"minecraft:sprint_one_cm":45419,"minecraft:damage_taken":1269,"minecraft:walk_one_cm":68434,"minecraft:mob_kills":6,"minecraft:damage_dealt":872,"minecraft:swim_one_cm":4568,"minecraft:interact_with_crafting_table":5,"minecraft:fly_one_cm":22029,"minecraft:play_time":38153,"minecraft:crouch_one_cm":20024,"minecraft:deaths":5,"minecraft:sneak_time":23446,"minecraft:walk_under_water_one_cm":341,"minecraft:jump":257,"minecraft:leave_game":9,"minecraft:time_since_death":9689,"minecraft:walk_on_water_one_cm":70,"minecraft:total_world_time":38153,"minecraft:fall_one_cm":4581},"minecraft:picked_up":{"minecraft:crafting_table":1,"minecraft:sweet_berries":6,"minecraft:dandelion":1,"minecraft:oak_log":9,"minecraft:spruce_sapling":1,"minecraft:spruce_log":5,"minecraft:dirt":6,"minecraft:bone":3,"upgraded_minecraft_forge:oakautunm":2,"minecraft:arrow":2,"minecraft:rotten_flesh":5,"minecraft:beef":3,"minecraft:poppy":1,"minecraft:cobblestone":8},"minecraft:mined":{"upgraded_minecraft_forge:oakautunm":2,"minecraft:sweet_berry_bush":1,"minecraft:spruce_log":5,"minecraft:crafting_table":1,"minecraft:grass_block":3,"minecraft:oak_log":8,"minecraft:dirt":4,"minecraft:spruce_leaves":4,"minecraft:stone":8,"minecraft:fern":2},"minecraft:crafted":{"minecraft:wooden_sword":1,"minecraft:oak_planks":36,"minecraft:crafting_table":2,"minecraft:spruce_planks":12,"minecraft:stick":12,"minecraft:wooden_pickaxe":1,"minecraft:wooden_axe":2},"minecraft:killed_by":{"undead_revamp2:sucker":2,"realmrpg_demons:chort":1,"cnc:wendigo":1,"minecraft:zombie":1}},"DataVersion":3465}