{"stats":{"minecraft:killed_by":{"minecraft:skeleton":2},"minecraft:custom":{"minecraft:time_since_rest":533,"minecraft:crouch_one_cm":9007,"minecraft:deaths":2,"minecraft:sprint_one_cm":6898,"minecraft:play_time":4549,"minecraft:damage_taken":520,"minecraft:walk_one_cm":16986,"minecraft:sneak_time":2102,"minecraft:mob_kills":1,"minecraft:drop":3,"minecraft:jump":54,"minecraft:damage_dealt":235,"minecraft:leave_game":2,"minecraft:time_since_death":484,"minecraft:total_world_time":4549,"minecraft:fall_one_cm":2162,"minecraft:fly_one_cm":6767},"minecraft:mined":{"minecraft:large_fern":2,"minecraft:spruce_leaves":1,"minecraft:fern":4},"minecraft:used":{"alexsmobs:animal_dictionary":1},"minecraft:killed":{"upgraded_minecraft_forge:ch_2":1},"minecraft:picked_up":{"minecraft:feather":2,"minecraft:chicken":2,"minecraft:wheat_seeds":1},"minecraft:dropped":{"minecraft:feather":2,"minecraft:wheat_seeds":1}},"DataVersion":3465}